cluster368.txt, d i key order 
cluster48.txt,response by decode encode 
cluster225.txt,credits i is time 
cluster143.txt, pickup  return car date 
cluster82.txt,_ m o s 
cluster56.txt,to centimeter feet kilometer 
cluster113.txt,e m register code 
cluster513.txt,check stories current add 
cluster110.txt,is leap 
cluster228.txt,order county seach time 
cluster400.txt,day month week date 
cluster343.txt,d dice a b 
cluster57.txt,  order to key 
cluster67.txt,by do nav wia 
cluster276.txt,store execute l s 
cluster541.txt,a l s by 
cluster352.txt,modify owned 
cluster25.txt,/ m http p 
cluster181.txt,lookup default i address 
cluster320.txt,b add modify 
cluster46.txt,send set 
cluster170.txt,do euroin l open 
cluster53.txt,order validate academic cc 
cluster89.txt,current 
cluster4.txt,order from username abi 
cluster0.txt,  i s _ 
cluster132.txt,break even 
cluster380.txt,cat order top key 
cluster98.txt,monthly total to years 
cluster404.txt,order country d   
cluster477.txt,x download lxhbmcv rya 
cluster307.txt,do store cached execute 
cluster160.txt,order b a i 
cluster316.txt,my time edit application 
cluster392.txt,a all o p 
cluster23.txt,bar do list read 
cluster167.txt,_ is un new 
cluster92.txt,lookup default i upd 
cluster261.txt,gcd a best hello 
cluster496.txt,type d for s 
